{
  "id": "",
  "name": "",
  "font_family": "iconfont",
  "css_prefix_text": "icon-",
  "description": "",
  "glyphs": [
    {
      "icon_id": "14699611",
      "name": "icon_gd_forward_def",
      "font_class": "icon_gd_forward_def",
      "unicode": "e503",
      "unicode_decimal": 58627
    },
    {
      "icon_id": "14699615",
      "name": "icon_gd_back_pre",
      "font_class": "icon_gd_back_pre",
      "unicode": "e504",
      "unicode_decimal": 58628
    }
  ]
}
